generation,best_fitness,mean_fitness
0,6644473.667740171,23401478.661064047
1,5304442.899985748,17848737.424746454
2,4552892.158402293,14303351.361965686
3,3859660.4527170006,11476727.568737138
4,3300018.3047835124,9770929.353164645
5,3075640.2105508074,8290472.82779315
6,2156529.927038258,7356803.264380915
7,2010313.2130580607,6479993.841722077
8,2010313.2130580607,5665434.66845994
9,2010313.2130580607,5107688.137664295
10,1652363.0710416322,4317394.237047261
11,1480466.3641195407,3805105.689309615
12,1051220.8351003719,3176140.0255880803
13,816089.0256087495,2749037.290547842
14,816089.0256087495,2455719.8167170994
15,816089.0256087495,2210942.4512813357
16,776810.2817317146,1924050.4122263347
17,682200.529484548,1690798.0213640507
18,577771.3367692344,1496036.1674363841
19,577678.3183585622,1340922.1211495243
20,490214.3251784651,1173869.1674053746
21,391165.8849080384,1017285.3404083275
22,343958.83797903586,897255.102088039
23,332183.4931134217,781706.8261272743
24,311053.4126932002,686538.9237734122
25,311053.4126932002,620119.3959371787
26,284185.1924279426,543940.8094686122
27,249342.8298173369,485173.4605491367
28,247924.085622297,440272.63485855365
29,183493.5927232873,399028.25258179376
30,183493.5927232873,354583.94678630383
31,183493.5927232873,327373.0999135061
32,183493.5927232873,298313.62905128894
33,183493.5927232873,276962.3960741851
34,171707.76439787121,255309.56928836912
35,164708.10619810768,234699.5651218596
36,164708.10619810768,224508.4817405591
37,164708.10619810768,215391.6730834241
38,151865.41842695625,203116.5101856743
39,151865.41842695625,198562.0069021206
40,151865.41842695625,188017.10055137947
41,150943.07255850398,181493.67777671485
42,145133.12845837857,173997.44532951966
43,143690.87302104628,168436.1215072344
44,138966.47022145818,164090.27499253087
45,138966.47022145818,158526.87561453253
46,132623.45803989362,154109.44069428951
47,130986.81224235978,150670.89896967157
48,130986.81224235978,148209.24988001256
49,130986.81224235978,146180.14565210353
50,127658.44003210038,144846.06514403515
51,125226.5702536281,142429.59246118699
52,125226.5702536281,142901.13473878347
53,123323.74885577183,142947.30035577828
54,123323.74885577183,141766.7098239743
55,120206.46916463379,142540.13929540597
56,120206.46916463379,144895.21708181876
57,120206.46916463379,143706.92182310374
58,120206.46916463379,143291.33105245375
59,120206.46916463379,140801.29912621446
60,119346.25826369599,138755.42797607806
61,119215.94201515023,137998.419781593
62,117044.08725962062,137351.61057716186
63,116222.26253783796,135215.96783904164
64,116222.26253783796,133394.05845256292
65,115420.06635623344,130392.86999711847
66,112040.90092237527,128418.16519533831
67,111623.70570086576,126592.31312771061
68,111623.70570086576,123153.12228481287
69,110735.36202231453,121166.50148106655
70,108516.88810567978,119100.06927677867
71,108516.88810567978,117476.47968070743
72,106366.39395314179,115525.97663363922
73,106366.39395314179,114289.69062245476
74,106366.39395314179,113477.9283054115
75,106024.64168971029,112995.7978582491
76,104804.64534595887,113376.44667118836
77,104804.64534595887,113608.56077114072
78,104022.60525004781,112536.67986772217
79,104013.57360255925,112307.89961822376
80,103193.11495432223,111383.2091627331
81,102613.82893886762,110131.160195859
82,102613.82893886762,109755.71345295274
83,101421.03518280965,109272.18694825188
84,101421.03518280965,108278.84398622427
85,101421.03518280965,106916.54850120317
86,101043.61885320347,106154.09795440642
87,100398.23194016555,105711.91685272298
88,100398.23194016555,105962.8237086055
89,99458.51969728245,105163.43180856892
90,98951.20043176759,104797.68625895004
91,98951.20043176759,103961.7103312687
92,98855.21929023406,103336.30649214661
93,98477.66910059174,102604.3884175939
94,97921.41197451224,101507.78612325802
95,96982.14485266902,100689.6196215804
96,96980.9846719207,99845.06637220804
97,96559.56934247335,99193.96827111367
98,95861.06966684407,98518.9337251098
99,95495.57303684382,97973.8755426233
100,95495.57303684382,97311.46643260175
101,95046.26014516228,96713.54201426815
102,94733.35849050072,96139.97240894585
103,94278.31716336562,95714.60574807966
104,93873.7960278191,95199.8839757505
105,93554.94997663864,94873.2554048405
106,93425.67504740613,94593.7161639548
107,92803.9071156971,94216.63883187776
108,92676.7365226822,93898.02733792314
109,91937.87868884012,93564.02942628427
110,91937.87868884012,93251.12204896202
111,91549.29962163529,92897.56247417718
112,91431.13285046133,92594.27561697784
113,91069.62360675012,92327.24516150971
114,90586.28623809712,91947.72186529082
115,90586.28623809712,91602.07745805859
116,90256.26696927163,91317.24536602349
117,90057.94174509305,91030.97984579674
118,89924.29786451746,90794.77913125616
119,89544.87021173105,90556.36846935876
120,89480.89434351843,90278.52920246932
121,89278.48463723256,89988.15124762562
122,89064.60052895892,89770.60106622722
123,88910.79343497375,89558.05731828308
124,88614.35555646078,89333.31366211898
125,88411.0039190925,89148.457848313
126,88199.07016944283,88945.23196971409
127,87992.52539084629,88771.77197966039
128,87765.84537868168,88588.44386351069
129,87627.59251938279,88392.43472856909
130,87412.05811758107,88242.62254829484
131,87022.46597350496,88048.38068448844
132,86982.95441344257,87858.55938635323
133,86741.9350513846,87659.89472983351
134,86571.13200934924,87438.22364027759
135,86242.64214616494,87276.49573147124
136,86159.54488550086,87085.26205970581
137,85891.01745460766,86842.90605210737
138,85788.63689637481,86648.04943216899
139,85517.97385898307,86410.42533067966
140,85256.5412509224,86198.94745424192
141,85210.30955365403,86015.38818538845
142,84969.26789795014,85777.81702903267
143,84791.45383417406,85537.2955403596
144,84526.82909291197,85328.64730946174
145,84455.87539340273,85115.87949501688
146,84218.57600299623,84908.8047026993
147,83975.01846743593,84705.64135315525
148,83907.72809890159,84510.4120087508
149,83734.07368914335,84347.47981955731
150,83469.58792515374,84170.93120255119
151,83363.01392887198,84006.48243324381
152,83139.73495537357,83840.16922131447
153,83040.55089110753,83718.47552398291
154,82770.5215092903,83530.18115256676
155,82708.93184044087,83355.66226954931
156,82539.06328698451,83181.42883361944
157,82207.51760975149,83006.19027279557
158,82011.33872405952,82852.4661682818
159,81846.33810414559,82720.61832283463
160,81764.25859557728,82507.72926816554
161,81600.67929236738,82342.90119017572
162,81328.32923267914,82163.25428694856
163,81167.33689249602,81967.7102328217
164,80834.53974294722,81827.40168807795
165,80567.19825032435,81614.20823469892
166,80536.09466390287,81442.9279848662
167,80411.21949605244,81230.46650822762
168,80255.06674495939,81021.04782049023
169,79933.00422343439,80805.48502534664
170,79793.60916833753,80618.95326295373
171,79691.47972417602,80377.10570623541
172,79411.76586840417,80180.6611475797
173,79249.59650978718,80004.81445559961
174,79074.32791605269,79917.75715727775
175,78933.77517149746,79766.06034288235
176,78608.11111635753,79539.04291146337
177,78465.73659040486,79254.34617135166
178,78277.51686239976,79045.09995941972
179,77975.32108188406,78835.44887742451
180,77935.00590163298,78628.07087054505
181,77873.16972867484,78493.10587990018
182,77715.04282476714,78378.51527253636
183,77525.9099647963,78247.34715198867
184,77258.6408024581,78048.3813516524
185,77028.4788242499,77928.30383570366
186,76894.90056899312,77761.99667797837
187,76864.47337356865,77631.02573156766
188,76730.14560956055,77498.3272670333
189,76514.3121535577,77362.80781041717
190,76332.29671484826,77237.61746248663
191,76223.74943475684,77148.70358744448
192,76061.92311952115,76957.57983675375
193,75910.90414318036,76765.20283827183
194,75626.87308525236,76651.02311159327
195,75626.87308525236,76479.88715032232
196,75446.807080264,76320.83902236987
197,75296.34752418961,76197.55602665001
198,74948.58099061833,76091.1549782015
199,74704.10684871438,75969.58969353286
200,74588.80854273468,75737.74358103928
201,74412.81422036505,75496.00080012917
202,74350.26711756278,75305.30847956943
203,74187.345488511,75081.17175220649
204,74151.92246730896,74907.76808029089
205,73888.04138857707,74738.22642614387
206,73671.90926043197,74515.8574585558
207,73460.98281901282,74255.77456287753
208,73328.4739042855,74036.12410744546
209,73193.67037281,73841.56122622703
210,73071.20384396028,73656.51107494556
211,72915.18912778076,73500.7574902567
212,72843.66141255863,73347.59555853477
213,72690.02217301258,73188.45214103148
214,72581.66180066843,73065.28571576065
215,72324.74514409681,72919.17167814994
216,72243.64963330106,72796.22327084132
217,72084.90174252228,72640.47439283272
218,71981.3871745944,72505.62483107233
219,71715.75628963854,72356.5355829572
220,71670.08257923977,72207.30327863687
221,71514.98336098263,72044.1632044279
222,71390.44547218291,71878.53014806064
223,71208.27130830775,71722.95664513421
224,71115.94485630358,71592.76799642897
225,70920.77275023526,71485.1554269881
226,70813.09991885294,71355.43609211445
227,70739.99545887987,71236.37186007113
228,70497.96119790056,71078.31117830533
229,70349.0761739846,70964.28760206727
230,70320.6261067795,70851.1213167868
231,70169.40095707914,70733.48743498848
232,70076.8433299464,70581.05469597813
233,69866.08231645731,70414.9736541563
234,69825.81339613076,70286.00486301382
235,69576.29305144181,70131.22880359051
236,69497.36326510356,69977.62715658348
237,69430.98977116191,69843.56736997046
238,69245.29696329817,69697.03360483251
239,69127.35071799772,69568.64729732559
240,68968.58327847101,69473.09864836556
241,68865.01892882977,69393.71098207402
242,68637.38270883162,69301.22930642866
243,68515.82910887487,69187.16677746865
244,68370.20895784884,69016.54680753507
245,68154.64836974394,68852.69136610362
246,67998.8227898051,68714.52918090129
247,67908.05674983347,68565.08359148238
248,67536.8652113291,68436.31199737174
249,67479.08048889942,68244.01227724932
