objective,variant,activation,loss,fitness_guided,success,best_fitness,generation,elapsed_time
Deceptive3,dendiff_gumbel,elu,huber,0,0.0,9.42,106.0,254.946
Deceptive3,dendiff_gumbel,elu,huber,1,0.0,9.445,106.05,268.9335
Deceptive3,dendiff_gumbel,elu,mse,0,0.0,9.655,113.6,219.80700000000002
Deceptive3,dendiff_gumbel,elu,mse,1,0.0,9.7,99.2,263.38
Deceptive3,dendiff_gumbel,elu,ranking,0,0.0,9.49,130.35,253.30450000000002
Deceptive3,dendiff_gumbel,elu,ranking,1,0.0,9.285,10.45,275.7205
Deceptive3,dendiff_gumbel,elu,weighted_mse,0,0.05,9.865,152.1,242.32150000000001
Deceptive3,dendiff_gumbel,elu,weighted_mse,1,0.05,9.870000000000001,122.8,250.88400000000001
Deceptive3,dendiff_gumbel,relu,huber,0,0.0,9.425,124.0,277.829
Deceptive3,dendiff_gumbel,relu,huber,1,0.0,9.41,117.95,313.116
Deceptive3,dendiff_gumbel,relu,mse,0,0.0,9.295,91.15,219.647
Deceptive3,dendiff_gumbel,relu,mse,1,0.0,9.3,62.15,250.93800000000002
Deceptive3,dendiff_gumbel,relu,ranking,0,0.0,9.335,103.9,249.82750000000001
Deceptive3,dendiff_gumbel,relu,ranking,1,0.0,9.18,16.8,319.6585
Deceptive3,dendiff_gumbel,relu,weighted_mse,0,0.0,9.265,74.85,215.3995
Deceptive3,dendiff_gumbel,relu,weighted_mse,1,0.0,9.175,15.2,268.95950000000005
Deceptive3,dendiff_gumbel,tanh,huber,0,0.0,9.440000000000001,140.1,254.26100000000002
Deceptive3,dendiff_gumbel,tanh,huber,1,0.0,9.445,114.4,277.4085
Deceptive3,dendiff_gumbel,tanh,mse,0,0.0,9.635,101.9,194.6205
Deceptive3,dendiff_gumbel,tanh,mse,1,0.0,9.725,109.65,216.79749999999999
Deceptive3,dendiff_gumbel,tanh,ranking,0,0.0,9.485,117.05,258.827
Deceptive3,dendiff_gumbel,tanh,ranking,1,0.0,9.305,7.25,257.5065
Deceptive3,dendiff_gumbel,tanh,weighted_mse,0,0.05,9.835,121.85,202.908
Deceptive3,dendiff_gumbel,tanh,weighted_mse,1,0.0,9.815000000000001,114.4,233.317
FC5,dendiff_gumbel,elu,huber,0,0.0,18.205000000000002,124.95,221.311
FC5,dendiff_gumbel,elu,huber,1,0.0,18.627000000000002,130.65,276.3505
FC5,dendiff_gumbel,elu,mse,0,0.0,19.168,110.1,197.35150000000002
FC5,dendiff_gumbel,elu,mse,1,0.0,20.18,21.15,263.8345
FC5,dendiff_gumbel,elu,ranking,0,0.0,19.848,142.5,224.95100000000002
FC5,dendiff_gumbel,elu,ranking,1,0.0,20.18,21.55,271.427
FC5,dendiff_gumbel,elu,weighted_mse,0,0.0,19.947,104.1,226.97199999999998
FC5,dendiff_gumbel,elu,weighted_mse,1,0.0,20.178,17.3,251.63449999999997
FC5,dendiff_gumbel,relu,huber,0,0.0,18.130000000000003,129.1,245.13649999999998
FC5,dendiff_gumbel,relu,huber,1,0.0,18.306,142.95,264.9375
FC5,dendiff_gumbel,relu,mse,0,0.0,18.687,142.7,202.64849999999998
FC5,dendiff_gumbel,relu,mse,1,0.0,20.149,125.2,219.46149999999997
FC5,dendiff_gumbel,relu,ranking,0,0.0,19.325,150.5,219.641
FC5,dendiff_gumbel,relu,ranking,1,0.0,20.18,12.6,237.71550000000002
FC5,dendiff_gumbel,relu,weighted_mse,0,0.0,19.486,136.2,191.3015
FC5,dendiff_gumbel,relu,weighted_mse,1,0.0,20.18,44.85,240.49699999999999
FC5,dendiff_gumbel,tanh,huber,0,0.0,18.497,126.95,239.6335
FC5,dendiff_gumbel,tanh,huber,1,0.0,18.702,139.7,242.9305
FC5,dendiff_gumbel,tanh,mse,0,0.0,19.244999999999997,141.6,198.7845
FC5,dendiff_gumbel,tanh,mse,1,0.0,20.18,16.5,219.8005
FC5,dendiff_gumbel,tanh,ranking,0,0.0,20.18,17.65,244.7415
FC5,dendiff_gumbel,tanh,ranking,1,0.0,20.18,8.05,269.1305
FC5,dendiff_gumbel,tanh,weighted_mse,0,0.0,20.178,18.25,217.9835
FC5,dendiff_gumbel,tanh,weighted_mse,1,0.0,20.178,13.3,250.089
HIFF,dendiff_gumbel,elu,huber,0,0.0,182.2,137.1,328.7
HIFF,dendiff_gumbel,elu,huber,1,0.0,182.2,149.6,318.742
HIFF,dendiff_gumbel,elu,mse,0,0.0,203.6,105.25,293.20050000000003
HIFF,dendiff_gumbel,elu,mse,1,0.0,210.1,129.2,296.537
HIFF,dendiff_gumbel,elu,ranking,0,0.0,204.5,109.7,322.8245
HIFF,dendiff_gumbel,elu,ranking,1,0.6,387.2,112.25,248.9435
HIFF,dendiff_gumbel,elu,weighted_mse,0,0.0,243.4,107.3,272.6865
HIFF,dendiff_gumbel,elu,weighted_mse,1,0.4,335.1,145.7,272.415
HIFF,dendiff_gumbel,relu,huber,0,0.0,181.9,109.5,310.606
HIFF,dendiff_gumbel,relu,huber,1,0.0,180.0,117.3,319.0845
HIFF,dendiff_gumbel,relu,mse,0,0.0,185.9,123.1,243.5045
HIFF,dendiff_gumbel,relu,mse,1,0.0,190.8,117.75,268.1785
HIFF,dendiff_gumbel,relu,ranking,0,0.0,188.4,142.05,294.975
HIFF,dendiff_gumbel,relu,ranking,1,0.05,218.6,159.95,313.483
HIFF,dendiff_gumbel,relu,weighted_mse,0,0.0,194.6,92.85,310.2845
HIFF,dendiff_gumbel,relu,weighted_mse,1,0.55,341.3,105.6,187.536
HIFF,dendiff_gumbel,tanh,huber,0,0.0,183.0,130.0,268.8185
HIFF,dendiff_gumbel,tanh,huber,1,0.0,185.1,129.1,284.486
HIFF,dendiff_gumbel,tanh,mse,0,0.0,228.6,119.45,270.396
HIFF,dendiff_gumbel,tanh,mse,1,0.0,225.7,137.05,271.78499999999997
HIFF,dendiff_gumbel,tanh,ranking,0,1.0,448.0,50.15,71.811
HIFF,dendiff_gumbel,tanh,ranking,1,0.75,410.6,45.65,121.83500000000001
HIFF,dendiff_gumbel,tanh,weighted_mse,0,1.0,448.0,59.8,72.787
HIFF,dendiff_gumbel,tanh,weighted_mse,1,0.95,443.2,32.95,57.229499999999994
KDeceptive3,dendiff_gumbel,elu,huber,0,0.0,25.25,100.45,252.661
KDeceptive3,dendiff_gumbel,elu,huber,1,0.0,25.9,103.45,320.375
KDeceptive3,dendiff_gumbel,elu,mse,0,0.0,27.65,93.5,219.04000000000002
KDeceptive3,dendiff_gumbel,elu,mse,1,0.05,28.45,112.1,226.47150000000002
KDeceptive3,dendiff_gumbel,elu,ranking,0,0.0,27.75,107.5,252.37399999999997
KDeceptive3,dendiff_gumbel,elu,ranking,1,1.0,30.0,11.7,25.743000000000002
KDeceptive3,dendiff_gumbel,elu,weighted_mse,0,0.75,29.7,60.3,110.801
KDeceptive3,dendiff_gumbel,elu,weighted_mse,1,0.75,29.65,21.7,133.05
KDeceptive3,dendiff_gumbel,relu,huber,0,0.0,25.1,116.25,257.9805
KDeceptive3,dendiff_gumbel,relu,huber,1,0.0,24.95,117.05,275.5875
KDeceptive3,dendiff_gumbel,relu,mse,0,0.0,27.6,101.2,204.715
KDeceptive3,dendiff_gumbel,relu,mse,1,0.0,28.1,78.4,228.43850000000003
KDeceptive3,dendiff_gumbel,relu,ranking,0,0.0,27.65,132.2,256.4035
KDeceptive3,dendiff_gumbel,relu,ranking,1,1.0,30.0,20.2,40.266000000000005
KDeceptive3,dendiff_gumbel,relu,weighted_mse,0,0.2,28.5,107.75,210.385
KDeceptive3,dendiff_gumbel,relu,weighted_mse,1,0.9,29.9,109.0,113.39200000000001
KDeceptive3,dendiff_gumbel,tanh,huber,0,0.0,25.2,120.15,247.406
KDeceptive3,dendiff_gumbel,tanh,huber,1,0.0,25.25,83.9,271.6085
KDeceptive3,dendiff_gumbel,tanh,mse,0,0.0,27.9,123.15,229.1165
KDeceptive3,dendiff_gumbel,tanh,mse,1,0.1,27.9,100.6,224.2685
KDeceptive3,dendiff_gumbel,tanh,ranking,0,0.1,27.65,81.1,241.3795
KDeceptive3,dendiff_gumbel,tanh,ranking,1,1.0,30.0,14.45,27.5645
KDeceptive3,dendiff_gumbel,tanh,weighted_mse,0,0.95,29.95,16.2,32.5865
KDeceptive3,dendiff_gumbel,tanh,weighted_mse,1,0.95,29.95,13.2,36.0015
KDeceptive5,dendiff_gumbel,elu,huber,0,0.0,24.4,114.4,251.30349999999999
KDeceptive5,dendiff_gumbel,elu,huber,1,0.0,24.35,113.6,254.71149999999997
KDeceptive5,dendiff_gumbel,elu,mse,0,0.0,28.2,90.35,179.31099999999998
KDeceptive5,dendiff_gumbel,elu,mse,1,0.0,27.6,52.4,231.74349999999998
KDeceptive5,dendiff_gumbel,elu,ranking,0,0.0,25.3,36.1,234.8005
KDeceptive5,dendiff_gumbel,elu,ranking,1,0.0,25.2,7.25,256.6405
KDeceptive5,dendiff_gumbel,elu,weighted_mse,0,0.05,29.05,96.55,216.71750000000003
KDeceptive5,dendiff_gumbel,elu,weighted_mse,1,0.1,28.5,40.5,209.4825
KDeceptive5,dendiff_gumbel,relu,huber,0,0.0,24.55,94.5,257.9335
KDeceptive5,dendiff_gumbel,relu,huber,1,0.0,24.25,78.05,267.692
KDeceptive5,dendiff_gumbel,relu,mse,0,0.0,24.45,59.8,182.334
KDeceptive5,dendiff_gumbel,relu,mse,1,0.0,24.05,5.35,201.02849999999998
KDeceptive5,dendiff_gumbel,relu,ranking,0,0.0,24.3,21.9,247.219
KDeceptive5,dendiff_gumbel,relu,ranking,1,0.0,24.2,20.55,313.257
KDeceptive5,dendiff_gumbel,relu,weighted_mse,0,0.0,24.4,42.6,237.5175
KDeceptive5,dendiff_gumbel,relu,weighted_mse,1,0.0,24.15,5.25,221.5915
KDeceptive5,dendiff_gumbel,tanh,huber,0,0.0,24.4,104.25,267.299
KDeceptive5,dendiff_gumbel,tanh,huber,1,0.0,24.4,106.3,282.471
KDeceptive5,dendiff_gumbel,tanh,mse,0,0.0,28.1,72.0,177.111
KDeceptive5,dendiff_gumbel,tanh,mse,1,0.0,27.6,69.4,222.283
KDeceptive5,dendiff_gumbel,tanh,ranking,0,0.0,24.85,40.3,215.80949999999999
KDeceptive5,dendiff_gumbel,tanh,ranking,1,0.0,24.55,37.75,242.07049999999998
KDeceptive5,dendiff_gumbel,tanh,weighted_mse,0,0.35,28.45,27.55,172.708
KDeceptive5,dendiff_gumbel,tanh,weighted_mse,1,0.15,27.9,27.45,241.7035
OneMax,dendiff_gumbel,elu,huber,0,0.0,27.45,73.6,227.038
OneMax,dendiff_gumbel,elu,huber,1,1.0,30.0,28.25,41.031
OneMax,dendiff_gumbel,elu,mse,0,1.0,30.0,13.3,23.6185
OneMax,dendiff_gumbel,elu,mse,1,1.0,30.0,3.2,16.972
OneMax,dendiff_gumbel,elu,ranking,0,1.0,30.0,4.3,17.6355
OneMax,dendiff_gumbel,elu,ranking,1,1.0,30.0,2.6,15.516499999999999
OneMax,dendiff_gumbel,elu,weighted_mse,0,1.0,30.0,4.75,18.692500000000003
OneMax,dendiff_gumbel,elu,weighted_mse,1,1.0,30.0,2.5,15.544
OneMax,dendiff_gumbel,relu,huber,0,0.0,27.6,75.25,249.56799999999998
OneMax,dendiff_gumbel,relu,huber,1,0.0,28.45,91.1,266.62
OneMax,dendiff_gumbel,relu,mse,0,1.0,30.0,79.95,65.8995
OneMax,dendiff_gumbel,relu,mse,1,1.0,30.0,4.55,18.329500000000003
OneMax,dendiff_gumbel,relu,ranking,0,1.0,30.0,5.35,19.3
OneMax,dendiff_gumbel,relu,ranking,1,1.0,30.0,2.95,16.875
OneMax,dendiff_gumbel,relu,weighted_mse,0,1.0,30.0,4.95,18.3865
OneMax,dendiff_gumbel,relu,weighted_mse,1,1.0,30.0,3.25,16.7285
OneMax,dendiff_gumbel,tanh,huber,0,0.0,27.85,68.1,274.98850000000004
OneMax,dendiff_gumbel,tanh,huber,1,1.0,30.0,10.2,24.371000000000002
OneMax,dendiff_gumbel,tanh,mse,0,1.0,30.0,7.0,17.148
OneMax,dendiff_gumbel,tanh,mse,1,1.0,30.0,2.9,16.8155
OneMax,dendiff_gumbel,tanh,ranking,0,1.0,30.0,3.7,17.1595
OneMax,dendiff_gumbel,tanh,ranking,1,1.0,30.0,2.5,16.177500000000002
OneMax,dendiff_gumbel,tanh,weighted_mse,0,1.0,30.0,3.9,17.4605
OneMax,dendiff_gumbel,tanh,weighted_mse,1,1.0,30.0,2.3,15.0215
